filename,has_wake,heading_deg,length,width,aspect_ratio
1010.jpg,0,,,,
1011.jpg,0,,,,
1013.jpg,0,,,,
1026.jpg,0,,,,
1083.jpg,0,,,,
1104.jpg,0,,,,
1161.jpg,0,,,,
1192.jpg,0,,,,
11922.jpg,0,,,,
1198.jpg,0,,,,
1199.jpg,0,,,,
1213.jpg,0,,,,
1219.jpg,0,,,,
1235.jpg,0,,,,
1244.jpg,0,,,,
1245.jpg,0,,,,
126.jpg,0,,,,
1270.jpg,0,,,,
1277.jpg,0,,,,
1278.jpg,0,,,,
1312.jpg,0,,,,
1315.jpg,0,,,,
13152.jpg,0,,,,
13153.jpg,0,,,,
13154.jpg,0,,,,
1319.jpg,0,,,,
13192.jpg,0,,,,
13193.jpg,0,,,,
1333.jpg,0,,,,
1335.jpg,0,,,,
1336.jpg,0,,,,
1359.jpg,0,,,,
1443.jpg,0,,,,
1503.jpg,0,,,,
1504.jpg,0,,,,
1578.jpg,0,,,,
1594.jpg,0,,,,
15942.jpg,0,,,,
1647.jpg,0,,,,
1692.jpg,0,,,,
1693.jpg,0,,,,
1752.jpg,0,,,,
1753.jpg,0,,,,
1754.jpg,0,,,,
1757.jpg,0,,,,
1764.jpg,0,,,,
1780.jpg,0,,,,
1795.jpg,0,,,,
182.jpg,0,,,,
1838.jpg,0,,,,
1857.jpg,0,,,,
2024.jpg,0,,,,
2083.jpg,0,,,,
2107.jpg,0,,,,
2113.jpg,0,,,,
2134.jpg,0,,,,
2211.jpg,0,,,,
2226.jpg,0,,,,
2230.jpg,0,,,,
2363.jpg,0,,,,
2395.jpg,0,,,,
2414.jpg,0,,,,
2437.jpg,0,,,,
24372.jpg,0,,,,
24373.jpg,0,,,,
2439.jpg,0,,,,
2440.jpg,0,,,,
24402.jpg,0,,,,
24403.jpg,0,,,,
24404.jpg,0,,,,
24405.jpg,0,,,,
2441.jpg,0,,,,
24412.jpg,0,,,,
2442.jpg,0,,,,
2444.jpg,0,,,,
24442.jpg,0,,,,
24443.jpg,0,,,,
24444.jpg,0,,,,
24445.jpg,0,,,,
24446.jpg,0,,,,
2445.jpg,0,,,,
24452.jpg,0,,,,
24453.jpg,0,,,,
24454.jpg,0,,,,
2448.jpg,0,,,,
24482.jpg,0,,,,
2449.jpg,0,,,,
24492.jpg,0,,,,
24493.jpg,0,,,,
2452.jpg,0,,,,
2455.jpg,0,,,,
2456.jpg,0,,,,
2476.jpg,0,,,,
2492.jpg,0,,,,
24922.jpg,0,,,,
24923.jpg,0,,,,
24924.jpg,0,,,,
24925.jpg,0,,,,
2494.jpg,0,,,,
24942.jpg,0,,,,
2496.jpg,0,,,,
24962.jpg,0,,,,
24963.jpg,0,,,,
24964.jpg,0,,,,
2501.jpg,0,,,,
25012.jpg,0,,,,
25013.jpg,0,,,,
25014.jpg,0,,,,
25015.jpg,0,,,,
2502.jpg,0,,,,
25022.jpg,0,,,,
2503.jpg,0,,,,
25032.jpg,0,,,,
25033.jpg,0,,,,
25034.jpg,0,,,,
2504.jpg,0,,,,
25042.jpg,0,,,,
25043.jpg,0,,,,
25044.jpg,0,,,,
25045.jpg,0,,,,
2506.jpg,0,,,,
25062.jpg,0,,,,
2508.jpg,0,,,,
2510.jpg,0,,,,
2514.jpg,0,,,,
2515.jpg,0,,,,
2516.jpg,0,,,,
25162.jpg,0,,,,
25163.jpg,0,,,,
25164.jpg,0,,,,
25165.jpg,0,,,,
25166.jpg,0,,,,
25167.jpg,0,,,,
2517.jpg,0,,,,
25172.jpg,0,,,,
2519.jpg,0,,,,
2520.jpg,0,,,,
25202.jpg,0,,,,
25203.jpg,0,,,,
2524.jpg,0,,,,
2525.jpg,0,,,,
25252.jpg,0,,,,
2527.jpg,0,,,,
25272.jpg,0,,,,
2528.jpg,0,,,,
2529.jpg,0,,,,
25292.jpg,0,,,,
25293.jpg,0,,,,
25294.jpg,0,,,,
2530.jpg,0,,,,
2536.jpg,0,,,,
25362.jpg,0,,,,
25363.jpg,0,,,,
2538.jpg,0,,,,
25382.jpg,0,,,,
2540.jpg,0,,,,
25402.jpg,0,,,,
25403.jpg,0,,,,
25404.jpg,0,,,,
2541.jpg,0,,,,
25412.jpg,0,,,,
2544.jpg,0,,,,
25442.jpg,0,,,,
25443.jpg,0,,,,
25444.jpg,0,,,,
2546.jpg,0,,,,
25462.jpg,0,,,,
25463.jpg,0,,,,
2547.jpg,0,,,,
2551.jpg,0,,,,
2552.jpg,0,,,,
2553.jpg,0,,,,
25532.jpg,0,,,,
2555.jpg,0,,,,
2556.jpg,0,,,,
25562.jpg,0,,,,
2559.jpg,0,,,,
2560.jpg,0,,,,
25602.jpg,0,,,,
2563.jpg,0,,,,
2565.jpg,0,,,,
25652.jpg,0,,,,
25653.jpg,0,,,,
2569.jpg,0,,,,
25692.jpg,0,,,,
2572.jpg,0,,,,
25722.jpg,0,,,,
2579.jpg,0,,,,
25792.jpg,0,,,,
2583.jpg,0,,,,
25832.jpg,0,,,,
2606.jpg,0,,,,
2610.jpg,0,,,,
26102.jpg,0,,,,
2612.jpg,0,,,,
2613.jpg,0,,,,
26132.jpg,0,,,,
2616.jpg,0,,,,
26162.jpg,0,,,,
26163.jpg,0,,,,
26164.jpg,0,,,,
2617.jpg,0,,,,
26172.jpg,0,,,,
26173.jpg,0,,,,
2618.jpg,0,,,,
26182.jpg,0,,,,
2619.jpg,0,,,,
26192.jpg,0,,,,
26193.jpg,0,,,,
26194.jpg,0,,,,
26195.jpg,0,,,,
26196.jpg,0,,,,
2620.jpg,0,,,,
2622.jpg,0,,,,
26222.jpg,0,,,,
2623.jpg,0,,,,
26232.jpg,0,,,,
26233.jpg,0,,,,
26234.jpg,0,,,,
26235.jpg,0,,,,
2624.jpg,0,,,,
26242.jpg,0,,,,
26243.jpg,0,,,,
2625.jpg,0,,,,
2629.jpg,0,,,,
26292.jpg,0,,,,
26293.jpg,0,,,,
26294.jpg,0,,,,
26295.jpg,0,,,,
2630.jpg,0,,,,
26302.jpg,0,,,,
2633.jpg,0,,,,
2634.jpg,0,,,,
2637.jpg,0,,,,
26372.jpg,0,,,,
2638.jpg,0,,,,
26382.jpg,0,,,,
26383.jpg,0,,,,
26384.jpg,0,,,,
2639.jpg,0,,,,
2643.jpg,0,,,,
2644.jpg,0,,,,
26442.jpg,0,,,,
26443.jpg,0,,,,
26444.jpg,0,,,,
26445.jpg,0,,,,
2652.jpg,0,,,,
2764.jpg,0,,,,
2765.jpg,0,,,,
27652.jpg,0,,,,
2767.jpg,0,,,,
27672.jpg,0,,,,
27673.jpg,0,,,,
2780.jpg,0,,,,
2781.jpg,0,,,,
27812.jpg,0,,,,
2783.jpg,0,,,,
27832.jpg,0,,,,
27833.jpg,0,,,,
2787.jpg,0,,,,
2906.jpg,0,,,,
293.jpg,0,,,,
2946.jpg,0,,,,
29462.jpg,0,,,,
2949.jpg,0,,,,
2961.jpg,0,,,,
2963.jpg,0,,,,
2971.jpg,0,,,,
3054.jpg,0,,,,
3055.jpg,0,,,,
3064.jpg,0,,,,
3095.jpg,0,,,,
31.jpg,0,,,,
354.jpg,0,,,,
361.jpg,0,,,,
3612.jpg,0,,,,
3613.jpg,0,,,,
3643.jpg,0,,,,
368.jpg,0,,,,
3731.jpg,0,,,,
3743.jpg,0,,,,
3746.jpg,0,,,,
3781.jpg,0,,,,
37812.jpg,0,,,,
37813.jpg,0,,,,
3856.jpg,0,,,,
38562.jpg,0,,,,
386.jpg,0,,,,
3906.jpg,0,,,,
3909.jpg,0,,,,
39092.jpg,0,,,,
41.jpg,0,,,,
412.jpg,0,,,,
43.jpg,0,,,,
46.jpg,0,,,,
462.jpg,0,,,,
47.jpg,0,,,,
472.jpg,0,,,,
473.jpg,0,,,,
474.jpg,0,,,,
475.jpg,0,,,,
476.jpg,0,,,,
477.jpg,0,,,,
478.jpg,0,,,,
48.jpg,0,,,,
482.jpg,0,,,,
483.jpg,0,,,,
485.jpg,0,,,,
49.jpg,0,,,,
50.jpg,0,,,,
53.jpg,0,,,,
532.jpg,0,,,,
572.jpg,0,,,,
58.jpg,0,,,,
637.jpg,0,,,,
643.jpg,0,,,,
65.jpg,0,,,,
655.jpg,0,,,,
662.jpg,0,,,,
666.jpg,0,,,,
680.jpg,0,,,,
681.jpg,0,,,,
683.jpg,0,,,,
729.jpg,0,,,,
10.jpg,0,,,,
1002.jpg,0,,,,
1009.jpg,0,,,,
10092.jpg,0,,,,
1015.jpg,0,,,,
1016.jpg,0,,,,
1017.jpg,0,,,,
1019.jpg,0,,,,
1021.jpg,0,,,,
1026.jpg,0,,,,
1034.jpg,0,,,,
1049.jpg,0,,,,
1056.jpg,0,,,,
1069.jpg,0,,,,
1076.jpg,0,,,,
1083.jpg,0,,,,
10832.jpg,0,,,,
10833.jpg,0,,,,
10834.jpg,0,,,,
1086.jpg,0,,,,
1088.jpg,0,,,,
10882.jpg,0,,,,
1090.jpg,0,,,,
10902.jpg,0,,,,
1091.jpg,0,,,,
1092.jpg,0,,,,
110.jpg,0,,,,
1103.jpg,0,,,,
1104.jpg,0,,,,
11042.jpg,0,,,,
11043.jpg,0,,,,
1105.jpg,0,,,,
1107.jpg,0,,,,
11072.jpg,0,,,,
1108.jpg,0,,,,
1111.jpg,0,,,,
11112.jpg,0,,,,
1115.jpg,0,,,,
1122.jpg,0,,,,
1127.jpg,0,,,,
1129.jpg,0,,,,
11292.jpg,0,,,,
1136.jpg,0,,,,
1151.jpg,0,,,,
1163.jpg,0,,,,
1169.jpg,0,,,,
11692.jpg,0,,,,
1182.jpg,0,,,,
11822.jpg,0,,,,
119.jpg,0,,,,
1192.jpg,0,,,,
11922.jpg,0,,,,
11923.jpg,0,,,,
1195.jpg,0,,,,
1198.jpg,0,,,,
1199.jpg,0,,,,
11992.jpg,0,,,,
11993.jpg,0,,,,
1209.jpg,0,,,,
1213.jpg,0,,,,
1217.jpg,0,,,,
1219.jpg,0,,,,
1225.jpg,0,,,,
1237.jpg,0,,,,
1240.jpg,0,,,,
1243.jpg,0,,,,
1244.jpg,0,,,,
1245.jpg,0,,,,
125.jpg,0,,,,
1251.jpg,0,,,,
1252.jpg,0,,,,
1253.jpg,0,,,,
1254.jpg,0,,,,
1259.jpg,0,,,,
1261.jpg,0,,,,
12612.jpg,0,,,,
1264.jpg,0,,,,
1265.jpg,0,,,,
1277.jpg,0,,,,
1278.jpg,0,,,,
1281.jpg,0,,,,
1287.jpg,0,,,,
1288.jpg,0,,,,
1290.jpg,0,,,,
1291.jpg,0,,,,
1293.jpg,0,,,,
1301.jpg,0,,,,
1302.jpg,0,,,,
1305.jpg,0,,,,
13052.jpg,0,,,,
13053.jpg,0,,,,
1310.jpg,0,,,,
1312.jpg,0,,,,
1315.jpg,0,,,,
13152.jpg,0,,,,
13153.jpg,0,,,,
13154.jpg,0,,,,
1318.jpg,0,,,,
1319.jpg,0,,,,
13192.jpg,0,,,,
13193.jpg,0,,,,
13194.jpg,0,,,,
1320.jpg,0,,,,
1326.jpg,0,,,,
1327.jpg,0,,,,
1331.jpg,0,,,,
1332.jpg,0,,,,
1341.jpg,0,,,,
13412.jpg,0,,,,
1346.jpg,0,,,,
1348.jpg,0,,,,
1353.jpg,0,,,,
1355.jpg,0,,,,
1364.jpg,0,,,,
1374.jpg,0,,,,
1379.jpg,0,,,,
1385.jpg,0,,,,
13852.jpg,0,,,,
1395.jpg,0,,,,
1399.jpg,0,,,,
1401.jpg,0,,,,
1404.jpg,0,,,,
1409.jpg,0,,,,
1428.jpg,0,,,,
1439.jpg,0,,,,
1444.jpg,0,,,,
1445.jpg,0,,,,
1448.jpg,0,,,,
1458.jpg,0,,,,
1460.jpg,0,,,,
1474.jpg,0,,,,
148.jpg,0,,,,
1480.jpg,0,,,,
149.jpg,0,,,,
1497.jpg,0,,,,
14972.jpg,0,,,,
1515.jpg,0,,,,
152.jpg,0,,,,
155.jpg,0,,,,
1550.jpg,0,,,,
1552.jpg,0,,,,
1553.jpg,0,,,,
1561.jpg,0,,,,
1563.jpg,0,,,,
1571.jpg,0,,,,
1575.jpg,0,,,,
15752.jpg,0,,,,
1576.jpg,0,,,,
15762.jpg,0,,,,
1578.jpg,0,,,,
1580.jpg,0,,,,
1582.jpg,0,,,,
1583.jpg,0,,,,
15832.jpg,0,,,,
1584.jpg,0,,,,
15842.jpg,0,,,,
159.jpg,0,,,,
1593.jpg,0,,,,
1594.jpg,0,,,,
15942.jpg,0,,,,
15943.jpg,0,,,,
15944.jpg,0,,,,
1595.jpg,0,,,,
15952.jpg,0,,,,
15953.jpg,0,,,,
1603.jpg,0,,,,
1608.jpg,0,,,,
161.jpg,0,,,,
1615.jpg,0,,,,
1628.jpg,0,,,,
1649.jpg,0,,,,
1653.jpg,0,,,,
1655.jpg,0,,,,
1671.jpg,0,,,,
16712.jpg,0,,,,
1674.jpg,0,,,,
1675.jpg,0,,,,
1694.jpg,0,,,,
1696.jpg,0,,,,
1700.jpg,0,,,,
1707.jpg,0,,,,
1709.jpg,0,,,,
1711.jpg,0,,,,
1724.jpg,0,,,,
17242.jpg,0,,,,
1725.jpg,0,,,,
173.jpg,0,,,,
1732.jpg,0,,,,
17322.jpg,0,,,,
1737.jpg,0,,,,
1745.jpg,0,,,,
175.jpg,0,,,,
1757.jpg,0,,,,
1759.jpg,0,,,,
1769.jpg,0,,,,
1773.jpg,0,,,,
1788.jpg,0,,,,
17882.jpg,0,,,,
179.jpg,0,,,,
1791.jpg,0,,,,
18.jpg,0,,,,
1805.jpg,0,,,,
1807.jpg,0,,,,
181.jpg,0,,,,
1811.jpg,0,,,,
18112.jpg,0,,,,
18113.jpg,0,,,,
1812.jpg,0,,,,
182.jpg,0,,,,
1821.jpg,0,,,,
1824.jpg,0,,,,
18242.jpg,0,,,,
1825.jpg,0,,,,
1828.jpg,0,,,,
1838.jpg,0,,,,
1848.jpg,0,,,,
1851.jpg,0,,,,
1853.jpg,0,,,,
186.jpg,0,,,,
1875.jpg,0,,,,
188.jpg,0,,,,
1882.jpg,0,,,,
189.jpg,0,,,,
1890.jpg,0,,,,
1892.jpg,0,,,,
1893.jpg,0,,,,
18932.jpg,0,,,,
1897.jpg,0,,,,
18972.jpg,0,,,,
1902.jpg,0,,,,
1903.jpg,0,,,,
19032.jpg,0,,,,
1906.jpg,0,,,,
1908.jpg,0,,,,
1912.jpg,0,,,,
1918.jpg,0,,,,
19182.jpg,0,,,,
192.jpg,0,,,,
1920.jpg,0,,,,
1938.jpg,0,,,,
1951.jpg,0,,,,
197.jpg,0,,,,
1973.jpg,0,,,,
19732.jpg,0,,,,
1974.jpg,0,,,,
1978.jpg,0,,,,
1982.jpg,0,,,,
1986.jpg,0,,,,
1990.jpg,0,,,,
1993.jpg,0,,,,
1999.jpg,0,,,,
2001.jpg,0,,,,
2003.jpg,0,,,,
2007.jpg,0,,,,
2008.jpg,0,,,,
2009.jpg,0,,,,
2019.jpg,0,,,,
2020.jpg,0,,,,
20202.jpg,0,,,,
2022.jpg,0,,,,
2024.jpg,0,,,,
2030.jpg,0,,,,
20302.jpg,0,,,,
2037.jpg,0,,,,
2040.jpg,0,,,,
20402.jpg,0,,,,
2046.jpg,0,,,,
2052.jpg,0,,,,
2056.jpg,0,,,,
20562.jpg,0,,,,
2057.jpg,0,,,,
20572.jpg,0,,,,
2061.jpg,0,,,,
2062.jpg,0,,,,
2070.jpg,0,,,,
2075.jpg,0,,,,
20752.jpg,0,,,,
2081.jpg,0,,,,
2088.jpg,0,,,,
20882.jpg,0,,,,
20883.jpg,0,,,,
2089.jpg,0,,,,
20892.jpg,0,,,,
20893.jpg,0,,,,
209.jpg,0,,,,
2092.jpg,0,,,,
2093.jpg,0,,,,
2095.jpg,0,,,,
2097.jpg,0,,,,
2098.jpg,0,,,,
20982.jpg,0,,,,
2099.jpg,0,,,,
2101.jpg,0,,,,
2110.jpg,0,,,,
2113.jpg,0,,,,
2122.jpg,0,,,,
2128.jpg,0,,,,
2133.jpg,0,,,,
2143.jpg,0,,,,
21432.jpg,0,,,,
2149.jpg,0,,,,
2152.jpg,0,,,,
2153.jpg,0,,,,
21532.jpg,0,,,,
21533.jpg,0,,,,
2154.jpg,0,,,,
21542.jpg,0,,,,
2165.jpg,0,,,,
2172.jpg,0,,,,
2174.jpg,0,,,,
2180.jpg,0,,,,
2192.jpg,0,,,,
220.jpg,0,,,,
2202.jpg,0,,,,
2218.jpg,0,,,,
2219.jpg,0,,,,
2225.jpg,0,,,,
2294.jpg,0,,,,
231.jpg,0,,,,
2339.jpg,0,,,,
2343.jpg,0,,,,
2363.jpg,0,,,,
242.jpg,0,,,,
2439.jpg,0,,,,
2440.jpg,0,,,,
24402.jpg,0,,,,
2441.jpg,0,,,,
2443.jpg,0,,,,
2444.jpg,0,,,,
24442.jpg,0,,,,
2445.jpg,0,,,,
2448.jpg,0,,,,
24482.jpg,0,,,,
2449.jpg,0,,,,
2452.jpg,0,,,,
24522.jpg,0,,,,
2455.jpg,0,,,,
24552.jpg,0,,,,
2477.jpg,0,,,,
24772.jpg,0,,,,
2478.jpg,0,,,,
249.jpg,0,,,,
2492.jpg,0,,,,
24922.jpg,0,,,,
2496.jpg,0,,,,
24962.jpg,0,,,,
24963.jpg,0,,,,
24964.jpg,0,,,,
24965.jpg,0,,,,
24966.jpg,0,,,,
2502.jpg,0,,,,
25022.jpg,0,,,,
25023.jpg,0,,,,
2504.jpg,0,,,,
25042.jpg,0,,,,
25043.jpg,0,,,,
2506.jpg,0,,,,
2508.jpg,0,,,,
25082.jpg,0,,,,
25083.jpg,0,,,,
2515.jpg,0,,,,
2516.jpg,0,,,,
25162.jpg,0,,,,
25163.jpg,0,,,,
25164.jpg,0,,,,
2519.jpg,0,,,,
2520.jpg,0,,,,
2522.jpg,0,,,,
2524.jpg,0,,,,
2525.jpg,0,,,,
2527.jpg,0,,,,
25272.jpg,0,,,,
2528.jpg,0,,,,
2529.jpg,0,,,,
25292.jpg,0,,,,
2536.jpg,0,,,,
2541.jpg,0,,,,
2542.jpg,0,,,,
2546.jpg,0,,,,
2552.jpg,0,,,,
2555.jpg,0,,,,
2559.jpg,0,,,,
2565.jpg,0,,,,
2569.jpg,0,,,,
2575.jpg,0,,,,
25752.jpg,0,,,,
2579.jpg,0,,,,
2583.jpg,0,,,,
259.jpg,0,,,,
260.jpg,0,,,,
2602.jpg,0,,,,
2606.jpg,0,,,,
26062.jpg,0,,,,
26063.jpg,0,,,,
261.jpg,0,,,,
2610.jpg,0,,,,
26102.jpg,0,,,,
2612.jpg,0,,,,
26122.jpg,0,,,,
2613.jpg,0,,,,
26132.jpg,0,,,,
26133.jpg,0,,,,
2616.jpg,0,,,,
26162.jpg,0,,,,
26163.jpg,0,,,,
26164.jpg,0,,,,
2617.jpg,0,,,,
26172.jpg,0,,,,
26173.jpg,0,,,,
2619.jpg,0,,,,
26192.jpg,0,,,,
2620.jpg,0,,,,
2622.jpg,0,,,,
26222.jpg,0,,,,
2624.jpg,0,,,,
2625.jpg,0,,,,
2626.jpg,0,,,,
2633.jpg,0,,,,
26332.jpg,0,,,,
2634.jpg,0,,,,
2637.jpg,0,,,,
2638.jpg,0,,,,
265.jpg,0,,,,
2686.jpg,0,,,,
270.jpg,0,,,,
2706.jpg,0,,,,
2716.jpg,0,,,,
2767.jpg,0,,,,
2778.jpg,0,,,,
278.jpg,0,,,,
28.jpg,0,,,,
280.jpg,0,,,,
2822.jpg,0,,,,
2859.jpg,0,,,,
2865.jpg,0,,,,
287.jpg,0,,,,
2872.jpg,0,,,,
2873.jpg,0,,,,
2876.jpg,0,,,,
28762.jpg,0,,,,
28763.jpg,0,,,,
2902.jpg,0,,,,
2903.jpg,0,,,,
29032.jpg,0,,,,
29033.jpg,0,,,,
2913.jpg,0,,,,
292.jpg,0,,,,
2922.jpg,0,,,,
2926.jpg,0,,,,
2933.jpg,0,,,,
29332.jpg,0,,,,
2935.jpg,0,,,,
2944.jpg,0,,,,
2954.jpg,0,,,,
2955.jpg,0,,,,
29552.jpg,0,,,,
29553.jpg,0,,,,
29554.jpg,0,,,,
29555.jpg,0,,,,
2958.jpg,0,,,,
296.jpg,0,,,,
2961.jpg,0,,,,
29612.jpg,0,,,,
2962.jpg,0,,,,
29622.jpg,0,,,,
29623.jpg,0,,,,
2963.jpg,0,,,,
29632.jpg,0,,,,
2969.jpg,0,,,,
2987.jpg,0,,,,
2988.jpg,0,,,,
2990.jpg,0,,,,
2999.jpg,0,,,,
30.jpg,0,,,,
300.jpg,0,,,,
3009.jpg,0,,,,
30092.jpg,0,,,,
302.jpg,0,,,,
3021.jpg,0,,,,
3022.jpg,0,,,,
3024.jpg,0,,,,
3046.jpg,0,,,,
30462.jpg,0,,,,
308.jpg,0,,,,
3082.jpg,0,,,,
3120.jpg,0,,,,
3156.jpg,0,,,,
3164.jpg,0,,,,
3227.jpg,0,,,,
3228.jpg,0,,,,
32282.jpg,0,,,,
3232.jpg,0,,,,
32322.jpg,0,,,,
3259.jpg,0,,,,
3265.jpg,0,,,,
3277.jpg,0,,,,
3285.jpg,0,,,,
32852.jpg,0,,,,
3311.jpg,0,,,,
3332.jpg,0,,,,
335.jpg,0,,,,
3352.jpg,0,,,,
3359.jpg,0,,,,
3366.jpg,0,,,,
3367.jpg,0,,,,
33672.jpg,0,,,,
3370.jpg,0,,,,
33702.jpg,0,,,,
3372.jpg,0,,,,
3373.jpg,0,,,,
3377.jpg,0,,,,
3395.jpg,0,,,,
3430.jpg,0,,,,
34302.jpg,0,,,,
3433.jpg,0,,,,
3443.jpg,0,,,,
3447.jpg,0,,,,
3470.jpg,0,,,,
348.jpg,0,,,,
3484.jpg,0,,,,
3497.jpg,0,,,,
3508.jpg,0,,,,
3549.jpg,0,,,,
356.jpg,0,,,,
3584.jpg,0,,,,
361.jpg,0,,,,
3613.jpg,0,,,,
3657.jpg,0,,,,
366.jpg,0,,,,
368.jpg,0,,,,
37.jpg,0,,,,
371.jpg,0,,,,
372.jpg,0,,,,
3723.jpg,0,,,,
3734.jpg,0,,,,
3758.jpg,0,,,,
3764.jpg,0,,,,
3767.jpg,0,,,,
3772.jpg,0,,,,
3774.jpg,0,,,,
37742.jpg,0,,,,
3775.jpg,0,,,,
37752.jpg,0,,,,
3777.jpg,0,,,,
37772.jpg,0,,,,
3781.jpg,0,,,,
3833.jpg,0,,,,
3856.jpg,0,,,,
3890.jpg,0,,,,
3920.jpg,0,,,,
3926.jpg,0,,,,
3936.jpg,0,,,,
3937.jpg,0,,,,
395.jpg,0,,,,
411.jpg,0,,,,
4112.jpg,0,,,,
413.jpg,0,,,,
416.jpg,0,,,,
4162.jpg,0,,,,
4163.jpg,0,,,,
417.jpg,0,,,,
421.jpg,0,,,,
433.jpg,0,,,,
4332.jpg,0,,,,
434.jpg,0,,,,
4342.jpg,0,,,,
4343.jpg,0,,,,
4344.jpg,0,,,,
456.jpg,0,,,,
469.jpg,0,,,,
47.jpg,0,,,,
470.jpg,0,,,,
483.jpg,0,,,,
487.jpg,0,,,,
491.jpg,0,,,,
507.jpg,0,,,,
509.jpg,0,,,,
514.jpg,0,,,,
515.jpg,0,,,,
516.jpg,0,,,,
521.jpg,0,,,,
525.jpg,0,,,,
5252.jpg,0,,,,
529.jpg,0,,,,
534.jpg,0,,,,
535.jpg,0,,,,
552.jpg,0,,,,
5522.jpg,0,,,,
56.jpg,0,,,,
562.jpg,0,,,,
572.jpg,0,,,,
573.jpg,0,,,,
58.jpg,0,,,,
584.jpg,0,,,,
585.jpg,0,,,,
588.jpg,0,,,,
592.jpg,0,,,,
5922.jpg,0,,,,
593.jpg,0,,,,
595.jpg,0,,,,
596.jpg,0,,,,
597.jpg,0,,,,
5972.jpg,0,,,,
602.jpg,0,,,,
6022.jpg,0,,,,
623.jpg,0,,,,
630.jpg,0,,,,
637.jpg,0,,,,
644.jpg,0,,,,
645.jpg,0,,,,
650.jpg,0,,,,
6502.jpg,0,,,,
652.jpg,0,,,,
654.jpg,0,,,,
655.jpg,0,,,,
657.jpg,0,,,,
6572.jpg,0,,,,
662.jpg,0,,,,
663.jpg,0,,,,
666.jpg,0,,,,
667.jpg,0,,,,
676.jpg,0,,,,
678.jpg,0,,,,
680.jpg,0,,,,
681.jpg,0,,,,
683.jpg,0,,,,
6832.jpg,0,,,,
685.jpg,0,,,,
699.jpg,0,,,,
70.jpg,0,,,,
702.jpg,0,,,,
710.jpg,0,,,,
715.jpg,0,,,,
717.jpg,0,,,,
718.jpg,0,,,,
7182.jpg,0,,,,
7183.jpg,0,,,,
721.jpg,0,,,,
743.jpg,0,,,,
7432.jpg,0,,,,
744.jpg,0,,,,
7442.jpg,0,,,,
7443.jpg,0,,,,
75.jpg,0,,,,
752.jpg,0,,,,
753.jpg,0,,,,
754.jpg,0,,,,
7542.jpg,0,,,,
